status,method,next_path,openapi_path,file
present,GET,/api/admin/admins/lookup,/api/admin/admins/lookup,D:\voltium\web\src\app\api\admin\admins\lookup\route.ts
present,GET,/api/admin/admins,/api/admin/admins,D:\voltium\web\src\app\api\admin\admins\route.ts
present,POST,/api/admin/admins,/api/admin/admins,D:\voltium\web\src\app\api\admin\admins\route.ts
present,PUT,/api/admin/admins,/api/admin/admins,D:\voltium\web\src\app\api\admin\admins\route.ts
present,GET,/api/admin/analytics,/api/admin/analytics,D:\voltium\web\src\app\api\admin\analytics\route.ts
present,GET,/api/admin/announcements,/api/admin/announcements,D:\voltium\web\src\app\api\admin\announcements\route.ts
present,POST,/api/admin/announcements,/api/admin/announcements,D:\voltium\web\src\app\api\admin\announcements\route.ts
present,GET,/api/admin/audit/cleanup,/api/admin/audit/cleanup,D:\voltium\web\src\app\api\admin\audit\cleanup\route.ts
present,POST,/api/admin/audit/cleanup,/api/admin/audit/cleanup,D:\voltium\web\src\app\api\admin\audit\cleanup\route.ts
present,GET,/api/admin/audit-logs,/api/admin/audit-logs,D:\voltium\web\src\app\api\admin\audit-logs\route.ts
present,POST,/api/admin/auth/login,/api/admin/auth/login,D:\voltium\web\src\app\api\admin\auth\login\route.ts
present,POST,/api/admin/auth/logout,/api/admin/auth/logout,D:\voltium\web\src\app\api\admin\auth\logout\route.ts
present,GET,/api/admin/auth/me,/api/admin/auth/me,D:\voltium\web\src\app\api\admin\auth\me\route.ts
present,POST,/api/admin/auth/refresh,/api/admin/auth/refresh,D:\voltium\web\src\app\api\admin\auth\refresh\route.ts
present,GET,/api/admin/config/skip-guarantor,/api/admin/config/skip-guarantor,D:\voltium\web\src\app\api\admin\config\skip-guarantor\route.ts
present,PUT,/api/admin/config/skip-guarantor,/api/admin/config/skip-guarantor,D:\voltium\web\src\app\api\admin\config\skip-guarantor\route.ts
present,GET,/api/admin/coupons,/api/admin/coupons,D:\voltium\web\src\app\api\admin\coupons\route.ts
present,POST,/api/admin/coupons,/api/admin/coupons,D:\voltium\web\src\app\api\admin\coupons\route.ts
present,PUT,/api/admin/coupons,/api/admin/coupons,D:\voltium\web\src\app\api\admin\coupons\route.ts
present,DELETE,/api/admin/coupons,/api/admin/coupons,D:\voltium\web\src\app\api\admin\coupons\route.ts
present,GET,/api/admin/dashboard,/api/admin/dashboard,D:\voltium\web\src\app\api\admin\dashboard\route.ts
present,GET,/api/admin/data-management/backups,/api/admin/data-management/backups,D:\voltium\web\src\app\api\admin\data-management\backups\route.ts
present,POST,/api/admin/data-management/backups,/api/admin/data-management/backups,D:\voltium\web\src\app\api\admin\data-management\backups\route.ts
present,POST,/api/admin/data-management/backups/verify-all,/api/admin/data-management/backups/verify-all,D:\voltium\web\src\app\api\admin\data-management\backups\verify-all\route.ts
present,GET,/api/admin/data-management/backups/[id]/download,/api/admin/data-management/backups/{id}/download,D:\voltium\web\src\app\api\admin\data-management\backups\[id]\download\route.ts
present,GET,/api/admin/data-management/backups/[id],/api/admin/data-management/backups/{id},D:\voltium\web\src\app\api\admin\data-management\backups\[id]\route.ts
present,DELETE,/api/admin/data-management/backups/[id],/api/admin/data-management/backups/{id},D:\voltium\web\src\app\api\admin\data-management\backups\[id]\route.ts
present,POST,/api/admin/data-management/backups/[id]/verify,/api/admin/data-management/backups/{id}/verify,D:\voltium\web\src\app\api\admin\data-management\backups\[id]\verify\route.ts
present,GET,/api/admin/data-management/overview,/api/admin/data-management/overview,D:\voltium\web\src\app\api\admin\data-management\overview\route.ts
present,GET,/api/admin/data-management/restore/history,/api/admin/data-management/restore/history,D:\voltium\web\src\app\api\admin\data-management\restore\history\route.ts
present,POST,/api/admin/data-management/restore/start,/api/admin/data-management/restore/start,D:\voltium\web\src\app\api\admin\data-management\restore\start\route.ts
present,POST,/api/admin/data-management/restore/validate,/api/admin/data-management/restore/validate,D:\voltium\web\src\app\api\admin\data-management\restore\validate\route.ts
present,GET,/api/admin/data-management/schedule,/api/admin/data-management/schedule,D:\voltium\web\src\app\api\admin\data-management\schedule\route.ts
present,POST,/api/admin/data-management/schedule,/api/admin/data-management/schedule,D:\voltium\web\src\app\api\admin\data-management\schedule\route.ts
present,PUT,/api/admin/data-management/schedule,/api/admin/data-management/schedule,D:\voltium\web\src\app\api\admin\data-management\schedule\route.ts
present,GET,/api/admin/data-management/storage,/api/admin/data-management/storage,D:\voltium\web\src\app\api\admin\data-management\storage\route.ts
present,GET,/api/admin/deposits,/api/admin/deposits,D:\voltium\web\src\app\api\admin\deposits\route.ts
present,POST,/api/admin/deposits,/api/admin/deposits,D:\voltium\web\src\app\api\admin\deposits\route.ts
present,PUT,/api/admin/deposits,/api/admin/deposits,D:\voltium\web\src\app\api\admin\deposits\route.ts
present,POST,/api/admin/dr-drill,/api/admin/dr-drill,D:\voltium\web\src\app\api\admin\dr-drill\route.ts
present,GET,/api/admin/earnings,/api/admin/earnings,D:\voltium\web\src\app\api\admin\earnings\route.ts
present,POST,/api/admin/earnings,/api/admin/earnings,D:\voltium\web\src\app\api\admin\earnings\route.ts
present,POST,/api/admin/faqs/reorder,/api/admin/faqs/reorder,D:\voltium\web\src\app\api\admin\faqs\reorder\route.ts
present,GET,/api/admin/faqs,/api/admin/faqs,D:\voltium\web\src\app\api\admin\faqs\route.ts
present,POST,/api/admin/faqs,/api/admin/faqs,D:\voltium\web\src\app\api\admin\faqs\route.ts
present,PUT,/api/admin/faqs,/api/admin/faqs,D:\voltium\web\src\app\api\admin\faqs\route.ts
present,DELETE,/api/admin/faqs,/api/admin/faqs,D:\voltium\web\src\app\api\admin\faqs\route.ts
present,GET,/api/admin/feature-flags,/api/admin/feature-flags,D:\voltium\web\src\app\api\admin\feature-flags\route.ts
present,PUT,/api/admin/feature-flags,/api/admin/feature-flags,D:\voltium\web\src\app\api\admin\feature-flags\route.ts
present,GET,/api/admin/fleet,/api/admin/fleet,D:\voltium\web\src\app\api\admin\fleet\route.ts
present,GET,/api/admin/guarantors,/api/admin/guarantors,D:\voltium\web\src\app\api\admin\guarantors\route.ts
present,POST,/api/admin/guarantors,/api/admin/guarantors,D:\voltium\web\src\app\api\admin\guarantors\route.ts
present,POST,/api/admin/hubs/bulk,/api/admin/hubs/bulk,D:\voltium\web\src\app\api\admin\hubs\bulk\route.ts
present,GET,/api/admin/hubs,/api/admin/hubs,D:\voltium\web\src\app\api\admin\hubs\route.ts
present,POST,/api/admin/hubs,/api/admin/hubs,D:\voltium\web\src\app\api\admin\hubs\route.ts
present,PUT,/api/admin/hubs,/api/admin/hubs,D:\voltium\web\src\app\api\admin\hubs\route.ts
present,DELETE,/api/admin/hubs,/api/admin/hubs,D:\voltium\web\src\app\api\admin\hubs\route.ts
present,GET,/api/admin/incidents,/api/admin/incidents,D:\voltium\web\src\app\api\admin\incidents\route.ts
present,POST,/api/admin/incidents,/api/admin/incidents,D:\voltium\web\src\app\api\admin\incidents\route.ts
present,PUT,/api/admin/incidents,/api/admin/incidents,D:\voltium\web\src\app\api\admin\incidents\route.ts
present,GET,/api/admin/incidents/[id],/api/admin/incidents/{id},D:\voltium\web\src\app\api\admin\incidents\[id]\route.ts
present,PUT,/api/admin/incidents/[id],/api/admin/incidents/{id},D:\voltium\web\src\app\api\admin\incidents\[id]\route.ts
present,GET,/api/admin/jobs,/api/admin/jobs,D:\voltium\web\src\app\api\admin\jobs\route.ts
present,POST,/api/admin/jobs,/api/admin/jobs,D:\voltium\web\src\app\api\admin\jobs\route.ts
present,GET,/api/admin/kyc,/api/admin/kyc,D:\voltium\web\src\app\api\admin\kyc\route.ts
present,POST,/api/admin/kyc,/api/admin/kyc,D:\voltium\web\src\app\api\admin\kyc\route.ts
present,GET,/api/admin/legal,/api/admin/legal,D:\voltium\web\src\app\api\admin\legal\route.ts
present,PUT,/api/admin/legal,/api/admin/legal,D:\voltium\web\src\app\api\admin\legal\route.ts
present,GET,/api/admin/maintenance-mode,/api/admin/maintenance-mode,D:\voltium\web\src\app\api\admin\maintenance-mode\route.ts
present,PUT,/api/admin/maintenance-mode,/api/admin/maintenance-mode,D:\voltium\web\src\app\api\admin\maintenance-mode\route.ts
present,PATCH,/api/admin/maintenance-mode,/api/admin/maintenance-mode,D:\voltium\web\src\app\api\admin\maintenance-mode\route.ts
present,GET,/api/admin/notifications,/api/admin/notifications,D:\voltium\web\src\app\api\admin\notifications\route.ts
present,POST,/api/admin/notifications,/api/admin/notifications,D:\voltium\web\src\app\api\admin\notifications\route.ts
present,GET,/api/admin/offers,/api/admin/offers,D:\voltium\web\src\app\api\admin\offers\route.ts
present,POST,/api/admin/offers,/api/admin/offers,D:\voltium\web\src\app\api\admin\offers\route.ts
present,PUT,/api/admin/offers,/api/admin/offers,D:\voltium\web\src\app\api\admin\offers\route.ts
present,DELETE,/api/admin/offers,/api/admin/offers,D:\voltium\web\src\app\api\admin\offers\route.ts
present,GET,/api/admin/operations/overview,/api/admin/operations/overview,D:\voltium\web\src\app\api\admin\operations\overview\route.ts
present,GET,/api/admin/payment-gateways,/api/admin/payment-gateways,D:\voltium\web\src\app\api\admin\payment-gateways\route.ts
present,POST,/api/admin/payment-gateways,/api/admin/payment-gateways,D:\voltium\web\src\app\api\admin\payment-gateways\route.ts
present,DELETE,/api/admin/payment-gateways/[id],/api/admin/payment-gateways/{id},D:\voltium\web\src\app\api\admin\payment-gateways\[id]\route.ts
present,PATCH,/api/admin/payment-gateways/[id],/api/admin/payment-gateways/{id},D:\voltium\web\src\app\api\admin\payment-gateways\[id]\route.ts
present,GET,/api/admin/plans,/api/admin/plans,D:\voltium\web\src\app\api\admin\plans\route.ts
present,POST,/api/admin/plans,/api/admin/plans,D:\voltium\web\src\app\api\admin\plans\route.ts
present,PUT,/api/admin/plans,/api/admin/plans,D:\voltium\web\src\app\api\admin\plans\route.ts
present,DELETE,/api/admin/plans,/api/admin/plans,D:\voltium\web\src\app\api\admin\plans\route.ts
present,GET,/api/admin/reconciliation,/api/admin/reconciliation,D:\voltium\web\src\app\api\admin\reconciliation\route.ts
present,GET,/api/admin/referrals,/api/admin/referrals,D:\voltium\web\src\app\api\admin\referrals\route.ts
present,POST,/api/admin/referrals,/api/admin/referrals,D:\voltium\web\src\app\api\admin\referrals\route.ts
present,POST,/api/admin/rentals/book-on-behalf,/api/admin/rentals/book-on-behalf,D:\voltium\web\src\app\api\admin\rentals\book-on-behalf\route.ts
present,GET,/api/admin/rentals,/api/admin/rentals,D:\voltium\web\src\app\api\admin\rentals\route.ts
present,PUT,/api/admin/rentals,/api/admin/rentals,D:\voltium\web\src\app\api\admin\rentals\route.ts
present,GET,/api/admin/rewards,/api/admin/rewards,D:\voltium\web\src\app\api\admin\rewards\route.ts
present,POST,/api/admin/rewards,/api/admin/rewards,D:\voltium\web\src\app\api\admin\rewards\route.ts
present,PUT,/api/admin/rewards,/api/admin/rewards,D:\voltium\web\src\app\api\admin\rewards\route.ts
present,DELETE,/api/admin/rewards,/api/admin/rewards,D:\voltium\web\src\app\api\admin\rewards\route.ts
present,PUT,/api/admin/rewards/[id],/api/admin/rewards/{id},D:\voltium\web\src\app\api\admin\rewards\[id]\route.ts
present,DELETE,/api/admin/rewards/[id],/api/admin/rewards/{id},D:\voltium\web\src\app\api\admin\rewards\[id]\route.ts
present,POST,/api/admin/riders/actions,/api/admin/riders/actions,D:\voltium\web\src\app\api\admin\riders\actions\route.ts
present,GET,/api/admin/riders/bulk,/api/admin/riders/bulk,D:\voltium\web\src\app\api\admin\riders\bulk\route.ts
present,POST,/api/admin/riders/bulk,/api/admin/riders/bulk,D:\voltium\web\src\app\api\admin\riders\bulk\route.ts
present,GET,/api/admin/riders,/api/admin/riders,D:\voltium\web\src\app\api\admin\riders\route.ts
present,POST,/api/admin/riders,/api/admin/riders,D:\voltium\web\src\app\api\admin\riders\route.ts
present,PUT,/api/admin/riders,/api/admin/riders,D:\voltium\web\src\app\api\admin\riders\route.ts
present,DELETE,/api/admin/riders,/api/admin/riders,D:\voltium\web\src\app\api\admin\riders\route.ts
present,POST,/api/admin/riders/[id]/data-deletion/approve,/api/admin/riders/{id}/data-deletion/approve,D:\voltium\web\src\app\api\admin\riders\[id]\data-deletion\approve\route.ts
present,POST,/api/admin/riders/[id]/data-deletion/restore,/api/admin/riders/{id}/data-deletion/restore,D:\voltium\web\src\app\api\admin\riders\[id]\data-deletion\restore\route.ts
present,DELETE,/api/admin/riders/[id]/data-deletion,/api/admin/riders/{id}/data-deletion,D:\voltium\web\src\app\api\admin\riders\[id]\data-deletion\route.ts
present,GET,/api/admin/riders/[id]/device-data,/api/admin/riders/{id}/device-data,D:\voltium\web\src\app\api\admin\riders\[id]\device-data\route.ts
present,PUT,/api/admin/riders/[id]/plan,/api/admin/riders/{id}/plan,D:\voltium\web\src\app\api\admin\riders\[id]\plan\route.ts
present,GET,/api/admin/riders/[id],/api/admin/riders/{id},D:\voltium\web\src\app\api\admin\riders\[id]\route.ts
present,POST,/api/admin/riders/[id]/wallet-adjust,/api/admin/riders/{id}/wallet-adjust,D:\voltium\web\src\app\api\admin\riders\[id]\wallet-adjust\route.ts
present,POST,/api/admin/scores/recalculate,/api/admin/scores/recalculate,D:\voltium\web\src\app\api\admin\scores\recalculate\route.ts
present,GET,/api/admin/scores,/api/admin/scores,D:\voltium\web\src\app\api\admin\scores\route.ts
present,POST,/api/admin/scores,/api/admin/scores,D:\voltium\web\src\app\api\admin\scores\route.ts
present,GET,/api/admin/server-health,/api/admin/server-health,D:\voltium\web\src\app\api\admin\server-health\route.ts
present,GET,/api/admin/settings,/api/admin/settings,D:\voltium\web\src\app\api\admin\settings\route.ts
present,PUT,/api/admin/settings,/api/admin/settings,D:\voltium\web\src\app\api\admin\settings\route.ts
present,GET,/api/admin/shifts,/api/admin/shifts,D:\voltium\web\src\app\api\admin\shifts\route.ts
present,POST,/api/admin/shifts,/api/admin/shifts,D:\voltium\web\src\app\api\admin\shifts\route.ts
present,PUT,/api/admin/shifts,/api/admin/shifts,D:\voltium\web\src\app\api\admin\shifts\route.ts
present,DELETE,/api/admin/shifts,/api/admin/shifts,D:\voltium\web\src\app\api\admin\shifts\route.ts
present,GET,/api/admin/system-settings,/api/admin/system-settings,D:\voltium\web\src\app\api\admin\system-settings\route.ts
present,PUT,/api/admin/system-settings,/api/admin/system-settings,D:\voltium\web\src\app\api\admin\system-settings\route.ts
present,POST,/api/admin/team-leaders/bulk,/api/admin/team-leaders/bulk,D:\voltium\web\src\app\api\admin\team-leaders\bulk\route.ts
present,POST,/api/admin/team-leaders/bulk/undo,/api/admin/team-leaders/bulk/undo,D:\voltium\web\src\app\api\admin\team-leaders\bulk\undo\route.ts
present,GET,/api/admin/team-leaders,/api/admin/team-leaders,D:\voltium\web\src\app\api\admin\team-leaders\route.ts
present,POST,/api/admin/team-leaders,/api/admin/team-leaders,D:\voltium\web\src\app\api\admin\team-leaders\route.ts
present,PUT,/api/admin/team-leaders,/api/admin/team-leaders,D:\voltium\web\src\app\api\admin\team-leaders\route.ts
present,DELETE,/api/admin/team-leaders,/api/admin/team-leaders,D:\voltium\web\src\app\api\admin\team-leaders\route.ts
present,GET,/api/admin/team-leaders/[id]/riders,/api/admin/team-leaders/{id}/riders,D:\voltium\web\src\app\api\admin\team-leaders\[id]\riders\route.ts
present,POST,/api/admin/tickets/bulk,/api/admin/tickets/bulk,D:\voltium\web\src\app\api\admin\tickets\bulk\route.ts
present,GET,/api/admin/tickets,/api/admin/tickets,D:\voltium\web\src\app\api\admin\tickets\route.ts
present,POST,/api/admin/tickets,/api/admin/tickets,D:\voltium\web\src\app\api\admin\tickets\route.ts
present,PUT,/api/admin/tickets,/api/admin/tickets,D:\voltium\web\src\app\api\admin\tickets\route.ts
present,POST,/api/admin/tickets/[id]/messages,/api/admin/tickets/{id}/messages,D:\voltium\web\src\app\api\admin\tickets\[id]\messages\route.ts
present,GET,/api/admin/tickets/[id],/api/admin/tickets/{id},D:\voltium\web\src\app\api\admin\tickets\[id]\route.ts
present,GET,/api/admin/transactions/bulk,/api/admin/transactions/bulk,D:\voltium\web\src\app\api\admin\transactions\bulk\route.ts
present,POST,/api/admin/transactions/bulk,/api/admin/transactions/bulk,D:\voltium\web\src\app\api\admin\transactions\bulk\route.ts
present,GET,/api/admin/transactions,/api/admin/transactions,D:\voltium\web\src\app\api\admin\transactions\route.ts
present,POST,/api/admin/transactions,/api/admin/transactions,D:\voltium\web\src\app\api\admin\transactions\route.ts
present,PUT,/api/admin/transactions,/api/admin/transactions,D:\voltium\web\src\app\api\admin\transactions\route.ts
present,POST,/api/admin/vehicles/bulk,/api/admin/vehicles/bulk,D:\voltium\web\src\app\api\admin\vehicles\bulk\route.ts
present,GET,/api/admin/vehicles,/api/admin/vehicles,D:\voltium\web\src\app\api\admin\vehicles\route.ts
present,POST,/api/admin/vehicles,/api/admin/vehicles,D:\voltium\web\src\app\api\admin\vehicles\route.ts
present,PUT,/api/admin/vehicles,/api/admin/vehicles,D:\voltium\web\src\app\api\admin\vehicles\route.ts
present,DELETE,/api/admin/vehicles,/api/admin/vehicles,D:\voltium\web\src\app\api\admin\vehicles\route.ts
present,GET,/api/admin/vehicles/[id]/history,/api/admin/vehicles/{id}/history,D:\voltium\web\src\app\api\admin\vehicles\[id]\history\route.ts
present,GET,/api/admin/workflow-coverage,/api/admin/workflow-coverage,D:\voltium\web\src\app\api\admin\workflow-coverage\route.ts
present,POST,/api/auth/logout,/api/auth/logout,D:\voltium\web\src\app\api\auth\logout\route.ts
present,POST,/api/auth/refresh,/api/auth/refresh,D:\voltium\web\src\app\api\auth\refresh\route.ts
present,POST,/api/auth/send-otp,/api/auth/send-otp,D:\voltium\web\src\app\api\auth\send-otp\route.ts
present,POST,/api/auth/verify-otp,/api/auth/verify-otp,D:\voltium\web\src\app\api\auth\verify-otp\route.ts
present,POST,/api/auth/verify-phone,/api/auth/verify-phone,D:\voltium\web\src\app\api\auth\verify-phone\route.ts
present,GET,/api/cron/announcements,/api/cron/announcements,D:\voltium\web\src\app\api\cron\announcements\route.ts
present,GET,/api/cron/cleanup-telemetry,/api/cron/cleanup-telemetry,D:\voltium\web\src\app\api\cron\cleanup-telemetry\route.ts
present,GET,/api/cron/notifications,/api/cron/notifications,D:\voltium\web\src\app\api\cron\notifications\route.ts
present,GET,/api/cron/reconciliation,/api/cron/reconciliation,D:\voltium\web\src\app\api\cron\reconciliation\route.ts
present,POST,/api/device/data,/api/device/data,D:\voltium\web\src\app\api\device\data\route.ts
present,POST,/api/device/permissions,/api/device/permissions,D:\voltium\web\src\app\api\device\permissions\route.ts
present,POST,/api/emergency/sos,/api/emergency/sos,D:\voltium\web\src\app\api\emergency\sos\route.ts
present,POST,/api/files/confirm-upload,/api/files/confirm-upload,D:\voltium\web\src\app\api\files\confirm-upload\route.ts
present,PUT,/api/files/direct-upload,/api/files/direct-upload,D:\voltium\web\src\app\api\files\direct-upload\route.ts
present,GET,/api/files/local-upload/[fileRecordId],/api/files/local-upload/{fileRecordId},D:\voltium\web\src\app\api\files\local-upload\[fileRecordId]\route.ts
present,PUT,/api/files/local-upload/[fileRecordId],/api/files/local-upload/{fileRecordId},D:\voltium\web\src\app\api\files\local-upload\[fileRecordId]\route.ts
present,POST,/api/files/request-read,/api/files/request-read,D:\voltium\web\src\app\api\files\request-read\route.ts
present,POST,/api/files/request-upload,/api/files/request-upload,D:\voltium\web\src\app\api\files\request-upload\route.ts
present,GET,/api/files/[...path],/api/files/{path},D:\voltium\web\src\app\api\files\[...path]\route.ts
present,PUT,/api/files/[...path],/api/files/{path},D:\voltium\web\src\app\api\files\[...path]\route.ts
present,GET,/api/health/caddy,/api/health/caddy,D:\voltium\web\src\app\api\health\caddy\route.ts
present,GET,/api/health/db,/api/health/db,D:\voltium\web\src\app\api\health\db\route.ts
present,GET,/api/health,/api/health,D:\voltium\web\src\app\api\health\route.ts
present,GET,/api/health/storage,/api/health/storage,D:\voltium\web\src\app\api\health\storage\route.ts
present,GET,/api/health/worker,/api/health/worker,D:\voltium\web\src\app\api\health\worker\route.ts
present,GET,/api/internal/debug,/api/internal/debug,D:\voltium\web\src\app\api\internal\debug\route.ts
present,POST,/api/internal/worker,/api/internal/worker,D:\voltium\web\src\app\api\internal\worker\route.ts
present,GET,/api/metrics,/api/metrics,D:\voltium\web\src\app\api\metrics\route.ts
present,GET,/api/monitoring/metrics,/api/monitoring/metrics,D:\voltium\web\src\app\api\monitoring\metrics\route.ts
present,GET,/api/notification/list,/api/notification/list,D:\voltium\web\src\app\api\notification\list\route.ts
present,PUT,/api/notification/list,/api/notification/list,D:\voltium\web\src\app\api\notification\list\route.ts
present,GET,/api/pricing,/api/pricing,D:\voltium\web\src\app\api\pricing\route.ts
present,GET,/api/ready,/api/ready,D:\voltium\web\src\app\api\ready\route.ts
present,POST,/api/rental/book,/api/rental/book,D:\voltium\web\src\app\api\rental\book\route.ts
present,POST,/api/rider/account/delete-request,/api/rider/account/delete-request,D:\voltium\web\src\app\api\rider\account\delete-request\route.ts
present,GET,/api/rider/config/skip-deposit,/api/rider/config/skip-deposit,D:\voltium\web\src\app\api\rider\config\skip-deposit\route.ts
present,GET,/api/rider/consent,/api/rider/consent,D:\voltium\web\src\app\api\rider\consent\route.ts
present,POST,/api/rider/consent,/api/rider/consent,D:\voltium\web\src\app\api\rider\consent\route.ts
present,GET,/api/rider/dashboard,/api/rider/dashboard,D:\voltium\web\src\app\api\rider\dashboard\route.ts
present,POST,/api/rider/device/permissions,/api/rider/device/permissions,D:\voltium\web\src\app\api\rider\device\permissions\route.ts
present,GET,/api/rider/device,/api/rider/device,D:\voltium\web\src\app\api\rider\device\route.ts
present,POST,/api/rider/device,/api/rider/device,D:\voltium\web\src\app\api\rider\device\route.ts
present,POST,/api/rider/device/set-lock,/api/rider/device/set-lock,D:\voltium\web\src\app\api\rider\device\set-lock\route.ts
present,POST,/api/rider/device/verify-lock,/api/rider/device/verify-lock,D:\voltium\web\src\app\api\rider\device\verify-lock\route.ts
present,GET,/api/rider/earnings,/api/rider/earnings,D:\voltium\web\src\app\api\rider\earnings\route.ts
present,POST,/api/rider/earnings,/api/rider/earnings,D:\voltium\web\src\app\api\rider\earnings\route.ts
present,GET,/api/rider/guarantor,/api/rider/guarantor,D:\voltium\web\src\app\api\rider\guarantor\route.ts
present,POST,/api/rider/guarantor/skip,/api/rider/guarantor/skip,D:\voltium\web\src\app\api\rider\guarantor\skip\route.ts
present,GET,/api/rider/hubs,/api/rider/hubs,D:\voltium\web\src\app\api\rider\hubs\route.ts
present,GET,/api/rider/kyc,/api/rider/kyc,D:\voltium\web\src\app\api\rider\kyc\route.ts
present,GET,/api/rider/legal,/api/rider/legal,D:\voltium\web\src\app\api\rider\legal\route.ts
present,GET,/api/rider/maintenance-status,/api/rider/maintenance-status,D:\voltium\web\src\app\api\rider\maintenance-status\route.ts
present,GET,/api/rider/notifications,/api/rider/notifications,D:\voltium\web\src\app\api\rider\notifications\route.ts
present,PUT,/api/rider/notifications,/api/rider/notifications,D:\voltium\web\src\app\api\rider\notifications\route.ts
present,DELETE,/api/rider/notifications,/api/rider/notifications,D:\voltium\web\src\app\api\rider\notifications\route.ts
present,GET,/api/rider/payment-gateways/active,/api/rider/payment-gateways/active,D:\voltium\web\src\app\api\rider\payment-gateways\active\route.ts
present,GET,/api/rider/plans,/api/rider/plans,D:\voltium\web\src\app\api\rider\plans\route.ts
present,POST,/api/rider/plans,/api/rider/plans,D:\voltium\web\src\app\api\rider\plans\route.ts
present,GET,/api/rider/pricing,/api/rider/pricing,D:\voltium\web\src\app\api\rider\pricing\route.ts
present,GET,/api/rider/profile,/api/rider/profile,D:\voltium\web\src\app\api\rider\profile\route.ts
present,PUT,/api/rider/profile,/api/rider/profile,D:\voltium\web\src\app\api\rider\profile\route.ts
present,GET,/api/rider/referral,/api/rider/referral,D:\voltium\web\src\app\api\rider\referral\route.ts
present,GET,/api/rider/referrals,/api/rider/referrals,D:\voltium\web\src\app\api\rider\referrals\route.ts
present,POST,/api/rider/register-token,/api/rider/register-token,D:\voltium\web\src\app\api\rider\register-token\route.ts
present,POST,/api/rider/rental/return,/api/rider/rental/return,D:\voltium\web\src\app\api\rider\rental\return\route.ts
present,GET,/api/rider/rewards,/api/rider/rewards,D:\voltium\web\src\app\api\rider\rewards\route.ts
present,POST,/api/rider/rewards/[id]/redeem,/api/rider/rewards/{id}/redeem,D:\voltium\web\src\app\api\rider\rewards\[id]\redeem\route.ts
present,GET,/api/rider/search,/api/rider/search,D:\voltium\web\src\app\api\rider\search\route.ts
present,GET,/api/rider/settings,/api/rider/settings,D:\voltium\web\src\app\api\rider\settings\route.ts
present,POST,/api/rider/sync/device-data,/api/rider/sync/device-data,D:\voltium\web\src\app\api\rider\sync\device-data\route.ts
present,POST,/api/rider/sync/pickup,/api/rider/sync/pickup,D:\voltium\web\src\app\api\rider\sync\pickup\route.ts
present,GET,/api/rider/sync/pickup/vehicle,/api/rider/sync/pickup/vehicle,D:\voltium\web\src\app\api\rider\sync\pickup\vehicle\route.ts
present,GET,/api/rider/team-leaders,/api/rider/team-leaders,D:\voltium\web\src\app\api\rider\team-leaders\route.ts
present,POST,/api/rider/verify-lock-password,/api/rider/verify-lock-password,D:\voltium\web\src\app\api\rider\verify-lock-password\route.ts
present,GET,/api/search,/api/search,D:\voltium\web\src\app\api\search\route.ts
present,GET,/api/shifts,/api/shifts,D:\voltium\web\src\app\api\shifts\route.ts
present,GET,/api/support/chat/suggest,/api/support/chat/suggest,D:\voltium\web\src\app\api\support\chat\suggest\route.ts
present,GET,/api/support/faqs,/api/support/faqs,D:\voltium\web\src\app\api\support\faqs\route.ts
present,POST,/api/support/feedback,/api/support/feedback,D:\voltium\web\src\app\api\support\feedback\route.ts
present,GET,/api/support/tickets,/api/support/tickets,D:\voltium\web\src\app\api\support\tickets\route.ts
present,POST,/api/support/tickets,/api/support/tickets,D:\voltium\web\src\app\api\support\tickets\route.ts
present,GET,/api/sync/queue,/api/sync/queue,D:\voltium\web\src\app\api\sync\queue\route.ts
present,POST,/api/sync/queue,/api/sync/queue,D:\voltium\web\src\app\api\sync\queue\route.ts
present,GET,/api/transaction/history,/api/transaction/history,D:\voltium\web\src\app\api\transaction\history\route.ts
present,DELETE,/api/transaction/history,/api/transaction/history,D:\voltium\web\src\app\api\transaction\history\route.ts
present,GET,/api/transaction/request,/api/transaction/request,D:\voltium\web\src\app\api\transaction\request\route.ts
present,POST,/api/transaction/request,/api/transaction/request,D:\voltium\web\src\app\api\transaction\request\route.ts
present,POST,/api/transaction/topup,/api/transaction/topup,D:\voltium\web\src\app\api\transaction\topup\route.ts
present,GET,/api/vehicles,/api/vehicles,D:\voltium\web\src\app\api\vehicles\route.ts